timestamp,open,high,low,close,volume,date,log_return_calc
1739491200000,96608.13,98826.0,96252.82,97500.48,18173.02646,2025-02-14,
1739577600000,97500.47,97972.26,97223.58,97569.66,7349.37683,2025-02-15,0.0007092833675137415
1739664000000,97569.67,97704.47,96046.18,96118.12,8191.4249,2025-02-16,-0.014988732643856638
1739750400000,96118.12,97046.59,95205.0,95780.0,16492.0451,2025-02-17,-0.0035239568777999416
1739836800000,95780.01,96753.91,93388.09,95671.74,23368.19471,2025-02-18,-0.001130937870179614
1739923200000,95671.74,96899.99,95029.99,96644.37,16438.50954,2025-02-19,0.010114995490717066
1740009600000,96644.37,98711.36,96415.09,98305.0,17057.39177,2025-02-20,0.017036938024453396
1740096000000,98305.01,99475.0,94871.95,96181.98,32249.2814,2025-02-21,-0.021832868521335577
1740182400000,96181.99,96980.0,95770.49,96551.01,11268.17708,2025-02-22,0.0038294476827775473
1740268800000,96551.01,96650.0,95227.94,96258.0,10884.84913,2025-02-23,-0.0030393831239023624
1740355200000,96258.0,96500.0,91349.26,91552.88,31550.10299,2025-02-24,-0.05011535775172125
1740441600000,91552.88,92540.69,86050.99,88680.4,78333.11111,2025-02-25,-0.03187783350742482
1740528000000,88680.39,89414.15,82256.01,84250.09,56893.54409,2025-02-26,-0.05124925785668909
1740614400000,84250.09,87078.46,82716.49,84708.58,42505.45439,2025-02-27,0.005427257747781736
1740700800000,84708.57,85120.0,78258.52,84349.94,83648.03969,2025-02-28,-0.004242797559089215
1740787200000,84349.95,86558.0,83824.78,86064.53,25785.05464,2025-03-01,0.020123266049919198
1740873600000,86064.54,95000.0,85050.6,94270.0,54889.09045,2025-03-02,0.09106564168828868
1740960000000,94269.99,94416.46,85117.11,86220.61,59171.10218,2025-03-03,-0.08925376118948612
1741046400000,86221.16,88967.52,81500.0,87281.98,55609.10706,2025-03-04,0.01223478265846054
1741132800000,87281.98,91000.0,86334.53,90606.01,38264.01163,2025-03-05,0.03737651951263447
1741219200000,90606.0,92810.64,87836.0,89931.89,34342.44902,2025-03-06,-0.007467940338037054
1741305600000,89931.88,91283.02,84667.03,86801.75,57980.35713,2025-03-07,-0.035425823298239754
1741392000000,86801.74,86897.25,85218.47,86222.45,12989.23054,2025-03-08,-0.006696198157303769
1741478400000,86222.46,86500.0,80000.0,80734.37,26115.39345,2025-03-09,-0.06576620160006473
1741564800000,80734.48,84123.46,77459.91,78595.86,47633.38405,2025-03-10,-0.026845356703792466
1741651200000,78595.86,83617.4,76606.0,82932.99,48770.06853,2025-03-11,0.053713906024732805
1741737600000,82932.99,84539.85,80607.65,83680.12,31933.986,2025-03-12,0.008968502033038601
1741824000000,83680.12,84336.33,79939.9,81115.78,27546.27412,2025-03-13,-0.03112391755655611
1741910400000,81115.78,85309.71,80818.84,83983.2,26858.52755,2025-03-14,0.034739262047201416
1741996800000,83983.19,84676.28,83618.0,84338.44,11324.7332,2025-03-15,0.004220972745167093
1742083200000,84338.44,85117.04,81981.12,82574.53,17596.12531,2025-03-16,-0.021136472120496245
1742169600000,82574.52,84756.83,82456.0,84010.03,17214.74358,2025-03-17,0.017234917011719673
1742256000000,84010.02,84021.74,81134.66,82715.03,17610.89883,2025-03-18,-0.015534869726955195
1742342400000,82715.03,87000.0,82547.16,86845.94,28151.05374,2025-03-19,0.04873441757894435
1742428800000,86845.93,87453.67,83655.23,84223.39,22090.30463,2025-03-20,-0.030663070683642123
1742515200000,84223.38,84850.33,83175.25,84088.79,11956.97443,2025-03-21,-0.0015994092488549737
1742601600000,84088.79,84539.17,83625.1,83840.59,5420.22114,2025-03-22,-0.00295600663481781
1742688000000,83840.59,86129.64,83809.75,86082.5,8461.97813,2025-03-23,0.026388880980959678
1742774400000,86082.5,88765.43,85519.09,87498.16,30115.62111,2025-03-24,0.01631162582836565
1742860800000,87498.16,88539.63,86310.0,87392.87,22643.25248,2025-03-25,-0.0012040641846587025
1742947200000,87392.88,88275.0,85860.0,86909.17,18408.78485,2025-03-26,-0.005550150091920325
1743033600000,86909.17,87756.39,85800.0,87232.01,17098.03897,2025-03-27,0.0037078004164337397
1743120000000,87232.01,87515.67,83585.0,84424.38,27182.73169,2025-03-28,-0.0327151282624945
1743206400000,84424.38,84624.73,81644.81,82648.54,11696.39864,2025-03-29,-0.02125906318917359
1743292800000,82648.53,83534.64,81565.0,82389.99,9864.49508,2025-03-30,-0.003133210305684936
1743379200000,82390.0,83943.08,81278.52,82550.01,20569.13885,2025-03-31,0.0019403425512951966
1743465600000,82550.0,85579.46,82432.74,85158.34,20190.39697,2025-04-01,0.031108055610873073
1743552000000,85158.35,88500.0,82320.0,82516.29,39931.457,2025-04-02,-0.031516618721199686
1743638400000,82516.28,83998.02,81211.24,83213.09,27337.84135,2025-04-03,0.008408938788086611
1743724800000,83213.09,84720.0,81659.0,83889.87,32915.53976,2025-04-04,0.008100200026060092
1743811200000,83889.87,84266.0,82379.95,83537.99,9360.40468,2025-04-05,-0.004203368759459135
1743897600000,83537.99,83817.63,77153.83,78430.0,27942.71436,2025-04-06,-0.06309499122461922
1743984000000,78430.0,81243.58,74508.0,79163.24,78387.53089,2025-04-07,0.00930554243469642
1744070400000,79163.24,80867.99,76239.9,76322.42,35317.32063,2025-04-08,-0.036545314426559464
1744156800000,76322.42,83588.0,74620.0,82615.22,75488.28772,2025-04-09,0.0792271898213657
1744243200000,82615.22,82753.21,78464.36,79607.3,33284.80718,2025-04-10,-0.03708812786599812
1744329600000,79607.3,84300.0,78969.58,83423.84,34435.43797,2025-04-11,0.04682832264786211
1744416000000,83423.83,85905.0,82792.95,85276.9,18470.74437,2025-04-12,0.02196948907660708
1744502400000,85276.91,86100.0,83034.23,83760.0,24680.04181,2025-04-13,-0.01794804235026729
1744588800000,83760.0,85799.99,83678.0,84591.58,28659.09348,2025-04-14,0.009879167909975919
1744675200000,84591.58,86496.42,83600.0,83643.99,20910.99528,2025-04-15,-0.01126515660201265
1744761600000,83643.99,85500.0,83111.64,84030.38,20867.24519,2025-04-16,0.0046088222541115645
1744848000000,84030.38,85470.01,83736.26,84947.91,13728.84772,2025-04-17,0.010859844983458261
1744934400000,84947.92,85132.08,84303.96,84474.69,6529.96315,2025-04-18,-0.005586282238964962
1745020800000,84474.7,85677.99,84364.45,85077.01,9666.58153,2025-04-19,0.0071048834511910006
1745107200000,85077.0,85320.76,83949.52,85179.24,8091.67725,2025-04-20,0.001200895852997235
1745193600000,85179.24,88465.99,85144.76,87516.23,31773.37262,2025-04-21,0.027066519704468342
1745280000000,87516.22,93888.0,87076.03,93442.99,43872.74705,2025-04-22,0.06552725583428472
1745366400000,93442.99,94696.05,91935.41,93691.08,27404.16808,2025-04-23,0.0026514695623879032
1745452800000,93691.07,94005.0,91660.01,93980.47,19497.06071,2025-04-24,0.0030840074520417163
1745539200000,93980.47,95758.04,92855.96,94638.68,27500.66648,2025-04-25,0.006979277255771385
1745625600000,94638.68,95199.0,93870.69,94628.0,9415.06875,2025-04-26,-0.00011285663183106742
1745712000000,94628.0,95369.0,93602.58,93749.3,11162.841,2025-04-27,-0.009329217194183042
1745798400000,93749.29,95630.0,92800.01,95011.18,22157.53351,2025-04-28,0.013370370730845774
1745884800000,95011.18,95461.53,93742.54,94256.82,16955.3402,2025-04-29,-0.007971384433910092
1745971200000,94256.82,95228.45,92910.0,94172.0,17661.2751,2025-04-30,-0.0009002869702098006
1746057600000,94172.0,97424.02,94130.43,96489.91,21380.45343,2025-05-01,0.024315545810009744
1746144000000,96489.9,97895.68,96350.0,96887.14,14905.74811,2025-05-02,0.004108352658419524
1746230400000,96887.13,96935.67,95753.01,95856.42,9723.34838,2025-05-03,-0.01069534904680462
1746316800000,95856.42,96304.48,94151.38,94277.62,11036.38342,2025-05-04,-0.016607613109211234
1746403200000,94277.61,95199.0,93514.1,94733.68,17251.18189,2025-05-05,0.004825752587870044
1746489600000,94733.68,96920.65,93377.0,96834.02,16122.64513,2025-05-06,0.021928792437757434
1746576000000,96834.02,97732.0,95784.61,97030.5,16644.83854,2025-05-07,0.0020269832486365163
1746662400000,97030.5,104145.76,96876.29,103261.6,34962.02847,2025-05-08,0.06224021212940302
1746748800000,103261.61,104361.3,102315.14,102971.99,27617.39907,2025-05-09,-0.002808564699583071
1746835200000,102971.99,104984.57,102818.76,104809.53,15324.78611,2025-05-10,0.017687693367897713
1746921600000,104809.53,104972.0,103345.06,104118.0,17987.12197,2025-05-11,-0.0066198315306769204
1747008000000,104118.0,105819.45,100718.37,102791.32,31272.77792,2025-05-12,-0.012823957677924932
1747094400000,102791.32,104976.25,101429.7,104103.72,21253.42409,2025-05-13,0.012686796194268246
1747180800000,104103.72,104356.95,102602.05,103507.82,16452.9081,2025-05-14,-0.005740544445962826
1747267200000,103507.83,104192.7,101383.07,103763.71,17998.98604,2025-05-15,0.0024691295519930546
1747353600000,103763.71,104550.33,103100.49,103463.9,15683.88024,2025-05-16,-0.0028935353660749547
1747440000000,103463.9,103709.86,102612.5,103126.65,11250.89622,2025-05-17,-0.0032649150658740724
1747526400000,103126.65,106660.0,103105.09,106454.26,21599.98726,2025-05-18,0.03175756480007516
1747612800000,106454.27,107108.62,102000.0,105573.74,30260.03524,2025-05-19,-0.00830574322175089
1747699200000,105573.73,107320.0,104184.72,106849.99,23705.48275,2025-05-20,0.012016222070838009
1747785600000,106850.0,110797.38,106100.01,109643.99,45531.040345,2025-05-21,0.025812774424210004
1747872000000,109643.99,111980.0,109177.37,111696.21,31630.77313,2025-05-22,0.018544112729196732
1747958400000,111696.22,111800.0,106800.0,107318.3,31737.72309,2025-05-23,-0.03998359037453153
1748044800000,107318.3,109506.03,106875.41,107761.91,16782.53129,2025-05-24,0.004125071563271793
1748131200000,107761.9,109299.99,106600.64,109004.19,17710.04695,2025-05-25,0.011462065339148519
1748217600000,109004.2,110422.22,108670.58,109434.79,14649.11593,2025-05-26,0.003942524889582682
1748304000000,109434.78,110718.0,107516.57,108938.17,21276.65635,2025-05-27,-0.004548373170012511
1748390400000,108938.17,109284.7,106769.43,107781.78,15633.78829,2025-05-28,-0.0106718460844975
1748476800000,107781.78,108891.91,105322.86,105589.75,19834.70116,2025-05-29,-0.02054732532520838
1748563200000,105589.75,106313.12,103621.0,103985.48,23706.49799,2025-05-30,-0.015310028157546413
1748649600000,103985.47,104900.0,103068.55,104591.88,11289.35922,2025-05-31,0.00581464554481119
1748736000000,104591.88,105866.91,103752.49,105642.93,9709.70006,2025-06-01,0.00999890319604234
1748822400000,105642.93,105935.63,103659.88,105857.99,13453.98813,2025-06-02,0.002033656157331761
1748908800000,105858.0,106794.67,104872.5,105376.89,13259.52634,2025-06-03,-0.004555126803574655
1748995200000,105376.9,106000.0,104179.0,104696.86,14034.89482,2025-06-04,-0.00647422512636591
1749081600000,104696.86,105909.71,100372.26,101508.68,22321.50154,2025-06-05,-0.030924814911036578
1749168000000,101508.69,105333.0,101095.8,104288.44,15839.07385,2025-06-06,0.027016209665029333
1749254400000,104288.43,105900.0,103871.09,105552.15,8344.93206,2025-06-07,0.012044621848145592
1749340800000,105552.15,106488.14,104964.14,105734.0,8048.06305,2025-06-08,0.0017213626629398297
1749427200000,105734.01,110530.17,105318.37,110263.02,19975.37451,2025-06-09,0.0419420963494116
1749513600000,110263.02,110400.0,108331.03,110274.39,17071.82839,2025-06-10,0.00010311175786527098
1749600000000,110274.39,110392.01,108064.0,108645.12,13115.91638,2025-06-11,-0.01488492352072924
1749686400000,108645.13,108813.55,105671.72,105671.73,17778.67218,2025-06-12,-0.027749388787279217
1749772800000,105671.74,106179.53,102664.31,106066.59,26180.81734,2025-06-13,0.0037297023772628075
1749859200000,106066.59,106252.0,104300.0,105414.64,8798.93969,2025-06-14,-0.0061655785271072
1749945600000,105414.63,106128.57,104494.53,105594.01,7164.20047,2025-06-15,0.0017001202861056666
1750032000000,105594.02,108952.38,104980.37,106794.53,14922.6654,2025-06-16,0.011305061807508105
1750118400000,106794.53,107771.34,103371.02,104551.17,17866.33025,2025-06-17,-0.02123009135616664
1750204800000,104551.17,105550.27,103500.0,104886.78,13968.64167,2025-06-18,0.0032048660451346727
1750291200000,104886.79,105226.17,103929.27,104658.59,7678.60737,2025-06-19,-0.0021779540173212956
1750377600000,104658.59,106524.65,102345.0,103297.99,16419.06283,2025-06-20,-0.013085610610985732
1750464000000,103297.98,103982.64,100837.9,102120.01,11154.21332,2025-06-21,-0.011469227749354669
1750550400000,102120.02,103399.62,98200.0,100963.87,28746.41072,2025-06-22,-0.011385960226360707
1750636800000,100963.87,106074.2,99613.33,105333.93,27666.50609,2025-06-23,0.0423728593887924
1750723200000,105333.94,106290.0,104622.02,106083.0,14651.69335,2025-06-24,0.007086217120930923
1750809600000,106083.0,108135.3,105808.03,107340.58,16701.15551,2025-06-25,0.011784963544526447
1750896000000,107340.59,108272.45,106562.5,106947.06,10573.27279,2025-06-26,-0.003672824455672302
1750982400000,106947.06,107735.34,106356.76,107047.59,12232.44042,2025-06-27,0.0009395562683027059
1751068800000,107047.58,107577.75,106811.51,107296.79,3282.17352,2025-06-28,0.0023252311283283957
1751155200000,107296.79,108528.5,107172.52,108356.93,6831.7364,2025-06-29,0.00983195226177919
1751241600000,108356.93,108789.99,106733.33,107146.5,9754.12491,2025-06-30,-0.011233628430860393
1751328000000,107146.51,107540.0,105250.85,105681.14,10505.62437,2025-07-01,-0.01377060945880646
1751414400000,105681.13,109730.0,105100.19,108849.6,17691.89592,2025-07-02,0.029540665453745153
1751500800000,108849.59,110529.18,108530.4,109584.78,13047.08225,2025-07-03,0.006731383365643195
1751587200000,109584.77,109767.59,107245.0,107984.24,11793.86615,2025-07-04,-0.014713205707567904
1751673600000,107984.25,108420.56,107756.31,108198.12,3736.9757,2025-07-05,0.001978700480306492
1751760000000,108198.12,109700.0,107800.01,109203.84,6447.607,2025-07-06,0.009252236497324772
1751846400000,109203.85,109700.0,107513.2,108262.94,9405.37601,2025-07-07,-0.008653329682976453
1751932800000,108262.94,109216.56,107429.57,108922.98,9216.0208,2025-07-08,0.0060781291164992805
1752019200000,108922.99,111999.79,108324.53,111233.99,17282.2865,2025-07-09,0.02099497361671242
1752105600000,111234.0,116868.0,110500.0,116010.0,24883.450665,2025-07-10,0.042040393709379065
1752192000000,116010.01,118869.98,115222.22,117527.66,25873.521148,2025-07-11,0.012997315848983379
1752278400000,117527.66,118200.0,116900.05,117420.0,8446.60437,2025-07-12,-0.0009164595002588142
1752364800000,117420.0,119488.0,117224.79,119086.64,9550.792947,2025-07-13,0.014094044790011754
1752451200000,119086.65,123218.0,118905.18,119841.18,27269.348877,2025-07-14,0.006316070756330813
1752537600000,119841.17,119940.83,115736.92,117758.09,32018.46083,2025-07-15,-0.01753493076270058
1752624000000,117758.08,120063.84,117017.29,118630.43,17039.90851,2025-07-16,0.0073805949622627876
1752710400000,118630.44,120998.71,117453.57,119177.56,15728.57651,2025-07-17,0.004601451493544703
1752796800000,119177.56,120820.71,116812.76,117924.84,19924.66266,2025-07-18,-0.01056700950065718
1752883200000,117924.84,118499.9,117277.34,117840.0,6635.80306,2025-07-19,-0.0007197002204572691
1752969600000,117840.01,118856.8,116467.02,117265.12,12962.92889,2025-07-20,-0.004890417918115617
1753056000000,117265.11,119676.73,116515.0,117380.36,17107.33128,2025-07-21,0.0009822478512299445
1753142400000,117380.36,120247.8,116128.0,119954.42,20959.12973,2025-07-22,0.021692235206271098
1753228800000,119954.43,120090.0,117301.0,118755.99,14558.75083,2025-07-23,-0.01004095354590667
1753315200000,118756.0,119450.0,117103.1,118340.99,15806.89043,2025-07-24,-0.0035006808084234644
1753401600000,118340.98,118451.57,114723.16,117614.31,38406.34873,2025-07-25,-0.006159491204291899
1753488000000,117614.31,118297.35,117138.38,117919.99,6991.67206,2025-07-26,0.002595631902628258
1753574400000,117919.99,119766.65,117825.5,119415.55,9328.30919,2025-07-27,0.012603083346820849
1753660800000,119415.56,119800.0,117427.5,118062.32,13961.74754,2025-07-28,-0.011396806340220294
1753747200000,118062.32,119273.36,116950.75,117950.76,15137.93445,2025-07-29,-0.0009453714032179849
1753833600000,117950.75,118792.0,115796.23,117840.3,15586.73631,2025-07-30,-0.0009369312651676298
1753920000000,117840.29,118922.45,115500.0,115764.08,17010.0073,2025-07-31,-0.01777599093867902
1754006400000,115764.07,116052.0,112722.58,113297.93,24487.10206,2025-08-01,-0.02153342924967691
1754092800000,113297.92,114063.49,112003.0,112546.35,11507.33428,2025-08-02,-0.006655760991846373
1754179200000,112546.35,114799.97,111920.0,114208.8,7397.76046,2025-08-03,0.014663215250676506
1754265600000,114208.81,115720.0,114107.6,115055.03,9667.67916,2025-08-04,0.007382183600908784
1754352000000,115055.03,115127.81,112650.0,114129.75,12042.79078,2025-08-05,-0.008074576568790104
1754438400000,114129.75,115716.0,113355.13,114992.27,9761.15318,2025-08-06,0.00752894963418136
1754524800000,114992.27,117621.0,114259.0,117472.01,13468.56263,2025-08-07,0.021335183728332856
1754611200000,117472.02,117630.0,115878.71,116674.74,10045.31278,2025-08-08,-0.00681002901994848
1754697600000,116674.74,117944.05,116299.13,116462.25,9514.13144,2025-08-09,-0.0018228772606176664
1754784000000,116462.25,119311.11,116460.63,119294.01,14322.77073,2025-08-10,0.024023932127064194
1754870400000,119294.27,122335.16,118050.11,118686.0,26494.33429,2025-08-11,-0.005109768025592827
1754956800000,118686.0,120324.43,118207.47,120134.08,16720.10893,2025-08-12,0.01212710210107966
1755043200000,120134.09,123667.79,118920.92,123306.43,23210.07102,2025-08-13,0.02606410567702287
1755129600000,123306.44,124474.0,117180.0,118295.09,27980.947586,2025-08-14,-0.04149029256629387
1755216000000,118295.09,119216.82,116803.99,117342.05,13623.33874,2025-08-15,-0.008089091530436165
1755302400000,117342.04,117898.99,117143.98,117380.66,6393.68117,2025-08-16,0.00032898393468814104
1755388800000,117380.66,118575.0,117172.21,117405.01,5898.64192,2025-08-17,0.00020742322210116917
1755475200000,117405.01,117543.75,114640.14,116227.05,17745.93954,2025-08-18,-0.010083975477294543
1755561600000,116227.05,116725.69,112732.58,112872.94,18065.47424,2025-08-19,-0.02928284432910472
1755648000000,112872.95,114615.38,112380.0,114271.24,15636.34194,2025-08-20,0.012312159298069381
1755734400000,114271.23,114821.76,112015.67,112500.0,10839.69235,2025-08-21,-0.01562169894735077
1755820800000,112500.0,117429.05,111684.79,116935.99,23128.09037,2025-08-22,0.03867346942564925
1755907200000,116936.0,117030.0,114560.0,115438.05,11329.36197,2025-08-23,-0.012892668639070098
1755993600000,115438.06,115666.68,110680.0,113493.59,21175.98462,2025-08-24,-0.016987662875338143
1756080000000,113493.59,113667.28,109274.1,110111.98,25182.79379,2025-08-25,-0.03024851157390859
1756166400000,110111.98,112371.0,108666.66,111763.22,18452.43877,2025-08-26,0.014884678291290745
1756252800000,111763.22,112625.0,110345.42,111262.01,13392.60875,2025-08-27,-0.004494655997296272
1756339200000,111262.01,113485.9,110862.42,112566.9,11104.27744,2025-08-28,0.011659841291183425
1756425600000,112566.9,112638.64,107463.9,108377.4,22580.31045,2025-08-29,-0.037928131382763526
1756512000000,108377.4,108926.15,107350.1,108816.33,10708.39159,2025-08-30,0.004041834886721533
1756598400000,108816.33,109480.02,108076.93,108246.35,9489.51596,2025-08-31,-0.005251767001620112
1756684800000,108246.36,109912.4,107255.0,109237.42,16053.60219,2025-09-01,0.009114030534832748
1756771200000,109237.43,111771.52,108393.39,111240.01,18510.28756,2025-09-02,0.018166440657325495
1756857600000,111240.01,112575.27,110528.71,111705.71,11773.72084,2025-09-03,0.004177704576073605
1756944000000,111705.72,112180.0,109329.12,110730.87,12203.13536,2025-09-04,-0.008765161209067217
1757030400000,110730.87,113384.62,110206.96,110659.99,21587.40888,2025-09-05,-0.0006403155254173387
1757116800000,110660.0,111307.7,109977.0,110187.97,5000.29897,2025-09-06,-0.00427462149747006
1757203200000,110187.98,111600.0,110180.0,111137.34,5681.29944,2025-09-07,0.008579008182539868
1757289600000,111137.35,112924.37,110621.78,112065.23,11582.40211,2025-09-08,0.008314378685943164
1757376000000,112065.23,113293.29,110766.66,111546.39,15379.28248,2025-09-09,-0.004640554288638579
1757462400000,111546.38,114313.13,110917.45,113960.0,17517.41823,2025-09-10,0.02140695144426305
1757548800000,113960.0,115488.09,113430.0,115482.69,13676.73119,2025-09-11,0.013273138970620393
1757635200000,115482.69,116665.63,114740.99,116029.42,15324.10719,2025-09-12,0.004723131039401508
1757721600000,116029.41,116298.78,115127.27,115918.29,8269.40394,2025-09-13,-0.0009582332889029288
1757808000000,115918.29,116165.19,115135.0,115268.01,6707.60197,2025-09-14,-0.005625607702316823
1757894400000,115268.01,116757.99,114384.0,115349.71,13212.51149,2025-09-15,0.0007085318805328954
1757980800000,115349.71,116964.27,114737.11,116788.96,10926.9094,2025-09-16,0.01240007484979025
1758067200000,116788.96,117286.73,114720.81,116447.59,16754.2454,2025-09-17,-0.00292724484014056
1758153600000,116447.6,117900.0,116092.76,117073.53,11657.23365,2025-09-18,0.005360898398273296
1758240000000,117073.53,117459.99,115100.0,115632.38,8992.09065,2025-09-19,-0.01238617811420754
1758326400000,115632.39,116121.81,115408.47,115685.63,4674.92752,2025-09-20,0.0004604051447670285
1758412800000,115685.63,115819.06,115188.0,115232.29,4511.52219,2025-09-21,-0.003926421842189095
1758499200000,115232.29,115379.25,111800.0,112650.99,20781.71356,2025-09-22,-0.02265554900340918
1758585600000,112650.99,113290.5,111458.73,111998.8,12301.3203,2025-09-23,-0.005806298169945148
1758672000000,111998.8,113940.0,111042.66,113307.0,12369.25967,2025-09-24,0.011612792050812145
1758758400000,113307.01,113510.23,108631.51,108994.49,21231.14957,2025-09-25,-0.03880361851008345
1758844800000,108994.49,110300.0,108620.07,109643.46,14243.01591,2025-09-26,0.0059364982695478945
1758931200000,109643.46,109743.91,109064.4,109635.85,5501.78643,2025-09-27,-6.94091932618392e-05
1759017600000,109635.85,112350.0,109189.99,112163.95,7542.3316,2025-09-28,0.022797220643522374
1759104000000,112163.96,114400.0,111560.65,114311.96,15541.12005,2025-09-29,0.01896956203457031
1759190400000,114311.97,114792.0,112656.27,114048.93,15044.15633,2025-09-30,-0.0023036354107678868
1759276800000,114048.94,118649.1,113966.67,118594.99,20036.39516,2025-10-01,0.03908667600199795
1759363200000,118594.99,121022.07,118279.31,120529.35,19670.83503,2025-10-02,0.01617904889913795
1759449600000,120529.35,123894.99,119248.3,122232.0,23936.328,2025-10-03,0.014027586512955888
1759536000000,122232.21,122800.0,121510.0,122391.0,8208.16678,2025-10-04,0.001299959712627995
1759622400000,122390.99,125708.42,122136.0,123482.31,22043.097553,2025-10-05,0.008877068978927581
1759708800000,123482.32,126199.63,123084.0,124658.54,19494.628793,2025-10-06,0.009480412513902298
1759795200000,124658.54,125126.0,120574.94,121332.95,21633.99385,2025-10-07,-0.027039899832890336
1759881600000,121332.96,124197.25,121066.14,123306.0,17012.618,2025-10-08,0.01613065116385741
1759968000000,123306.01,123762.94,119651.47,121662.4,21559.36007,2025-10-09,-0.013419074980521103
1760054400000,121662.41,122550.0,102000.0,112774.5,64171.93927,2025-10-10,-0.07585974612842505
1760140800000,112774.49,113322.39,109561.59,110644.4,35448.51652,2025-10-11,-0.019068794493195606
1760227200000,110644.4,115770.0,109565.06,114958.8,32255.30272,2025-10-12,0.0382523481182313
1760313600000,114958.81,115963.81,113616.5,115166.0,22557.24033,2025-10-13,0.001800762507920933
1760400000000,115166.0,115409.96,109866.0,113028.14,31870.32974,2025-10-14,-0.01873775155179968
1760486400000,113028.13,113612.35,110164.0,110763.28,22986.48811,2025-10-15,-0.020241502815851853
1760572800000,110763.28,111982.45,107427.0,108194.28,29857.17252,2025-10-16,-0.023466811492917763
1760659200000,108194.27,109240.0,103528.23,106431.68,37920.66838,2025-10-17,-0.016425222998888867
1760745600000,106431.68,107499.0,106322.2,107185.01,11123.18766,2025-10-18,0.007053129818340636
1760832000000,107185.0,109450.07,106103.36,108642.78,15480.66423,2025-10-19,0.013508845814879343
1760918400000,108642.77,111705.56,107402.52,110532.09,19193.4416,2025-10-20,0.017240633452995615
1761004800000,110532.09,114000.0,107473.72,108297.67,37228.01659,2025-10-21,-0.02042224657419341
1761091200000,108297.66,109163.88,106666.69,107567.44,28610.78451,2025-10-22,-0.006765639759505252
1761177600000,107567.45,111293.61,107500.0,110078.18,17573.09294,2025-10-23,0.02307284091421478
1761264000000,110078.19,112104.98,109700.01,111004.89,15005.16913,2025-10-24,0.008383413777914583
1761350400000,111004.9,111943.19,110672.86,111646.27,6407.96864,2025-10-25,0.005761315360732372
1761436800000,111646.27,115466.8,111260.45,114559.4,13454.47737,2025-10-26,0.025757896011683146
1761523200000,114559.41,116400.0,113830.01,114107.65,21450.23241,2025-10-27,-0.003951164697453273
1761609600000,114107.65,116086.0,112211.0,112898.45,15523.42257,2025-10-28,-0.010653558973310539
1761696000000,112898.44,113643.73,109200.0,110021.29,21079.71376,2025-10-29,-0.025814849578232026
1761782400000,110021.3,111592.0,106304.34,108322.88,25988.82838,2025-10-30,-0.015557495821203146
1761868800000,108322.87,111190.0,108275.28,109608.01,21518.20439,2025-10-31,0.011794059086766558
1761955200000,109608.01,110564.49,109394.81,110098.1,7378.50431,2025-11-01,0.004461330755654716
1762041600000,110098.1,111250.01,109471.34,110540.68,12107.00087,2025-11-02,0.004011811464844439
1762128000000,110540.69,110750.0,105306.56,106583.04,28681.18779,2025-11-03,-0.03645919836858115
1762214400000,106583.05,107299.0,98944.36,101497.22,50534.87376,2025-11-04,-0.048892990692747336
1762300800000,101497.23,104534.74,98966.8,103885.16,33778.77571,2025-11-05,0.02325464931597804
1762387200000,103885.16,104200.0,100300.95,101346.04,25814.62139,2025-11-06,-0.02474525864647728
1762473600000,101346.04,104096.36,99260.86,103339.08,32059.50942,2025-11-07,0.0194748205542768
1762560000000,103339.09,103406.22,101454.0,102312.94,12390.77985,2025-11-08,-0.009979464496075391
1762646400000,102312.95,105495.62,101400.0,104722.96,16338.97096,2025-11-09,0.02328223138207566
1762732800000,104722.95,106670.11,104265.02,106011.13,22682.25673,2025-11-10,0.012225701545984949
1762819200000,106011.13,107500.0,102476.09,103058.99,24196.50718,2025-11-11,-0.028242545864333283
1762905600000,103059.0,105333.33,100813.59,101654.37,20457.63906,2025-11-12,-0.013723012931130311
1762992000000,101654.37,104085.01,98000.4,99692.02,36198.50771,2025-11-13,-0.019492896160439244
1763078400000,99692.03,99866.02,94012.45,94594.0,47288.14481,2025-11-14,-0.052491584544810524
1763164800000,94594.0,96846.68,94558.49,95596.24,15110.89391,2025-11-15,0.01053943964071668
1763251200000,95596.23,96635.11,93005.55,94261.44,23889.4051,2025-11-16,-0.014061290467363924
1763337600000,94261.45,96043.0,91220.0,92215.14,39218.59806,2025-11-17,-0.02194787294779212
1763424000000,92215.14,93836.01,89253.78,92960.83,39835.14769,2025-11-18,0.008053896310369823
1763510400000,92960.83,92980.22,88608.0,91554.96,32286.6376,2025-11-19,-0.015238773937443459
1763596800000,91554.96,93160.0,86100.0,86637.23,39733.19073,2025-11-20,-0.055209816891895
1763683200000,86637.22,87498.94,80600.0,85129.43,72256.12679,2025-11-21,-0.017556826574241523
1763769600000,85129.42,85620.0,83500.0,84739.74,14193.93263,2025-11-22,-0.004588127246522274
1763856000000,84739.75,88127.64,84667.57,86830.0,19734.46418,2025-11-23,0.024367507087485724
1763942400000,86830.0,89228.0,85272.0,88300.01,24663.12795,2025-11-24,0.016788036787637094
1764028800000,88300.01,88519.99,86116.0,87369.96,19567.0411,2025-11-25,-0.010588704373343843
1764115200000,87369.97,90656.08,86306.77,90484.02,21675.82239,2025-11-26,0.035021744042270514
1764201600000,90484.01,91950.0,90089.91,91333.95,16833.50932,2025-11-27,0.009349308992866888
1764288000000,91333.94,93092.0,90180.63,90890.7,18830.86012,2025-11-28,-0.00486488380362324
1764374400000,90890.71,91165.65,90155.47,90802.44,7429.88291,2025-11-29,-0.0009715282254700339
1764460800000,90802.44,92000.01,90336.9,90360.0,9687.74175,2025-11-30,-0.004884465893088772
1764547200000,90360.01,90417.0,83822.76,86286.01,34509.01227,2025-12-01,-0.04613421557385573
1764633600000,86286.01,92307.65,86184.39,91277.88,28210.22732,2025-12-02,0.0562410040171468
1764720000000,91277.88,94150.0,90990.23,93429.95,25712.52585,2025-12-03,0.023303477601614594
1764806400000,93429.95,94080.0,90889.0,92078.06,19803.94059,2025-12-04,-0.014575262088996607
1764892800000,92078.06,92692.36,88056.0,89330.04,19792.97218,2025-12-05,-0.030298870064162046
1764979200000,89330.04,90289.97,88908.01,89236.79,8409.50016,2025-12-06,-0.001044426991022257
1765065600000,89236.8,91760.0,87719.28,90395.31,13021.11185,2025-12-07,0.012898987020788722
1765152000000,90395.32,92287.15,89612.0,90634.34,15793.63887,2025-12-08,0.002640784411958209
1765238400000,90634.35,94588.99,89500.0,92678.8,21240.43014,2025-12-09,0.02230658176977993
1765324800000,92678.81,94476.0,91563.15,92015.37,18998.68083,2025-12-10,-0.007184123390461821
1765411200000,92015.38,93555.0,89260.63,92513.38,19972.58758,2025-12-11,0.005397654393828906
1765497600000,92513.38,92754.0,89480.0,90268.42,16679.19169,2025-12-12,-0.024565606595954068
1765584000000,90268.43,90634.55,89766.39,90240.01,5895.70788,2025-12-13,-0.0003147775451217187
1765670400000,90240.0,90472.4,87577.36,88172.17,9416.94004,2025-12-14,-0.023181518223391553
1765756800000,88172.16,90052.64,85146.64,86432.08,19778.6919,2025-12-15,-0.019932477149059748
1765843200000,86432.08,88175.98,85266.0,87863.42,18456.05017,2025-12-16,0.016424660160555687
1765929600000,87863.43,90365.85,85314.0,86243.22,19834.11729,2025-12-17,-0.018612119227458226
1766016000000,86243.23,89477.61,84450.01,85516.41,25405.41763,2025-12-18,-0.00846315677488792
1766102400000,85516.41,89399.97,85110.24,88136.94,21256.65004,2025-12-19,0.030183453965176642
1766188800000,88136.95,88573.07,87795.76,88360.9,5123.13194,2025-12-20,0.0025378227881089903
1766275200000,88360.91,89081.77,87600.04,88658.86,7132.87258,2025-12-21,0.003366407020219751
1766361600000,88658.87,90588.23,87900.0,88620.79,14673.2197,2025-12-22,-0.00042949092673883664
1766448000000,88620.79,88940.0,86601.9,87486.0,13910.32904,2025-12-23,-0.012887699635666881
1766534400000,87486.0,88049.89,86420.0,87669.45,9140.8432,2025-12-24,0.002094711492890748
1766620800000,87669.44,88592.74,86934.72,87225.27,7096.58235,2025-12-25,-0.005079409544226788
1766707200000,87225.27,89567.75,86655.08,87369.56,18344.61505,2025-12-26,0.00165285573288968
1766793600000,87369.56,87984.0,87253.05,87877.01,4469.55156,2025-12-27,0.00579128502519536
1766880000000,87877.0,88088.75,87435.0,87952.71,4446.29285,2025-12-28,0.0008610604018155715
1766966400000,87952.71,90406.08,86806.5,87237.13,19894.98575,2025-12-29,-0.00816924063180667
1767052800000,87237.13,89400.0,86845.66,88485.49,13105.91001,2025-12-30,0.014208540730604829
1767139200000,88485.5,89200.0,87250.0,87648.22,11558.62047,2025-12-31,-0.009507280651887915
1767225600000,87648.21,88919.45,87550.43,88839.04,6279.57133,2026-01-01,0.013494889906895059
1767312000000,88839.05,90961.81,88379.88,89995.13,17396.97301,2026-01-02,0.012929364730521834
1767398400000,89995.14,90741.16,89314.01,90628.01,7057.46716,2026-01-03,0.00700776866128145
1767484800000,90628.01,91810.0,90628.0,91529.73,10426.5297,2026-01-04,0.009900511123453195
1767571200000,91529.74,94789.08,91514.81,93859.71,20673.59584,2026-01-05,0.025137383113592964
1767657600000,93859.71,94444.44,91262.94,93747.97,18546.41829,2026-01-06,-0.0011912093706725466
1767744000000,93747.97,93747.97,90675.52,91364.16,14276.49025,2026-01-07,-0.025756732261084898
1767830400000,91364.16,91687.99,89311.0,91099.99,16132.79117,2026-01-08,-0.0028955845252425483
1767916800000,91100.0,92082.55,89694.66,90641.28,15590.27939,2026-01-09,-0.005047956075853812
1768003200000,90641.27,90832.0,90404.0,90504.7,3104.11722,2026-01-10,-0.0015079553615388976
1768089600000,90504.7,91283.89,90236.0,91013.65,5477.13594,2026-01-11,0.005607712208944919
1768176000000,91013.66,92519.95,90128.44,91296.2,16188.08268,2026-01-12,0.003099670437196053
1768262400000,91296.2,96495.0,91042.66,95414.0,23021.51482,2026-01-13,0.04411615250637421
1768348800000,95413.99,97924.49,94559.28,96951.78,22851.89428,2026-01-14,0.01598842328794414
1768435200000,96951.78,97193.34,95134.48,95604.8,21725.81369,2026-01-15,-0.01399071349755265
1768521600000,95604.81,95871.47,94293.46,95550.94,11167.7146,2026-01-16,-0.0005635195827788953
1768608000000,95550.94,95639.45,95021.67,95147.77,4280.80137,2026-01-17,-0.004228351630570454
1768694400000,95147.77,95531.12,93615.4,93673.14,6895.17819,2026-01-18,-0.015619668190674642
1768780800000,93673.14,93673.14,91910.2,92631.0,14295.52747,2026-01-19,-0.011187629751686884
1768867200000,92630.99,92870.0,87895.98,88427.66,22007.3261,2026-01-20,-0.046439042216747994
1768953600000,88427.66,90574.0,87263.53,89454.73,20617.50372,2026-01-21,0.011547870630407164
1769040000000,89454.73,90359.99,88515.37,89559.67,10825.50492,2026-01-22,0.0011724197832196023
1769126400000,89559.68,91224.99,88578.36,89600.26,13918.48919,2026-01-23,0.0004531147192842445
1769212800000,89600.26,89957.39,89162.08,89225.34,4226.56737,2026-01-24,-0.004193141802223088
1769299200000,89225.34,89319.13,86074.72,86670.36,14426.22019,2026-01-25,-0.029053123136142035
1769385600000,86670.36,88860.0,86509.63,88347.08,17766.51453,2026-01-26,0.019161191027651143
1769472000000,88347.08,89523.16,87304.33,89250.0,13125.40425,2026-01-27,0.010168272808073633
1769558400000,89249.99,90600.0,88833.65,89299.99,14332.18502,2026-01-28,0.0005599552406158251
1769644800000,89300.0,89348.0,83383.33,84650.16,30431.38201,2026-01-29,-0.05347437718715272
1769731200000,84650.16,84735.75,81118.0,84260.49,35195.84793,2026-01-30,-0.00461392684575843
1769817600000,84260.5,84270.02,75719.9,78741.09,39491.89133,2026-01-31,-0.06774794341998952
1769904000000,78741.1,79424.0,75700.0,76968.21,25395.48168,2026-02-01,-0.02277264898561169
1769990400000,76968.22,79360.0,74604.0,78738.61,42273.59016,2026-02-02,0.02274115286261672
1770076800000,78738.6,79186.81,72945.5,75770.21,39120.10889,2026-02-03,-0.03842842483956077
1770163200000,75770.21,76971.52,71888.0,73165.83,38375.36,2026-02-04,-0.03497669878289926
1770249600000,73165.84,73341.18,62345.0,62909.86,106298.82899,2026-02-05,-0.15102560052391373
1770336000000,62909.87,71751.33,60000.0,70580.26,92539.21531,2026-02-06,0.11504759382534949
1770422400000,70580.26,71690.07,67300.0,69289.38,44255.48036,2026-02-07,-0.01845885430431717
1770508800000,69289.37,72271.41,68888.0,70330.38,21420.53168,2026-02-08,0.014912205705875922
1770595200000,70330.38,71453.53,68308.0,70138.0,29152.72842,2026-02-09,-0.0027391234992863328
1770681600000,70138.0,70527.59,67800.0,68841.29,20373.77072,2026-02-10,-0.01866101963278177
1770768000000,68841.28,69292.88,65756.0,67082.52,28718.24602,2026-02-11,-0.02588020693947351
1770854400000,67082.52,68410.52,65118.0,66272.17,24271.74283,2026-02-12,-0.012153452937677535
1770940800000,66272.17,69482.97,65872.46,68853.96,20244.54955,2026-02-13,0.038217689464747844
1771027200000,68853.97,70560.01,68730.13,69822.95,18114.78393,2026-02-14,0.013975012427655345
1771113600000,69822.94,70983.0,68000.0,68832.58,22290.05208,2026-02-15,-0.014285572925026392
1771200000000,68832.59,70126.67,67294.11,68892.43,15515.76534,2026-02-16,0.0008691232444626728
1771286400000,68892.43,69241.5,66621.06,67503.52,16489.06921,2026-02-17,-0.0203665579406587
1771372800000,67503.52,68476.22,65870.0,66461.0,15492.43839,2026-02-18,-0.015564435209118136
1771459200000,66461.0,67320.0,65631.83,67003.73,14542.26988,2026-02-19,0.008132980025301773
1771545600000,67003.73,68318.39,66280.2,68020.01,35351.87091,2026-02-20,0.015053637111473492
1771632000000,68020.0,68698.7,67534.69,67975.93,8032.84131,2026-02-21,-0.0006482546691270726
1771718400000,67975.93,68245.0,67190.0,67643.4,8175.13484,2026-02-22,-0.00490388304368946
1771804800000,67643.39,67684.86,63888.79,64656.02,33075.90923,2026-02-23,-0.04516857121636174
1771891200000,64656.01,65026.75,62510.28,64058.15,23102.83622,2026-02-24,-0.009289953077215952
1771977600000,64058.15,69988.83,63913.27,67988.04,30749.99259,2026-02-25,0.059540542765822574
1772064000000,67988.04,68860.0,66500.0,67485.18,20737.77792,2026-02-26,-0.007423789136971464
1772150400000,67485.19,68216.8,64914.46,65872.1,21228.58424,2026-02-27,-0.024193035094981677
1772236800000,65872.09,67760.0,63030.0,66973.26,22548.71649,2026-02-28,0.0165784521278679
1772323200000,66973.26,68199.99,65056.0,65776.47,23201.85859,2026-03-01,-0.018031259656580454
1772409600000,65776.48,70096.0,65259.21,68830.06,32010.38431,2026-03-02,0.04537839252942392
1772496000000,68830.06,69258.08,66158.0,68338.0,24972.2418,2026-03-03,-0.007174587301422502
1772582400000,68338.01,74050.0,67400.0,72666.77,44919.0761,2026-03-04,0.061418215316930716
1772668800000,72666.77,73558.15,70645.47,70890.72,26590.51253,2026-03-05,-0.024744659742350593
1772755200000,70891.02,71419.98,67744.78,68114.02,22629.88722,2026-03-06,-0.03995647071445988
1772841600000,68114.02,68551.04,66915.26,67262.91,12719.54315,2026-03-07,-0.012574095363267338
1772928000000,67262.91,68200.0,65618.49,65971.2,21593.63901,2026-03-08,-0.01939068716249424
1773014400000,65971.2,69516.65,65821.97,68432.16,28896.7213,2026-03-09,0.03662460641351922
1773100800000,68432.16,71777.0,68391.41,69948.63,32602.57726,2026-03-10,0.02191822593227371
1773187200000,69948.64,71321.0,68977.91,70191.86,27249.27542,2026-03-11,0.003471234391040441
1773273600000,70191.86,70800.0,69205.91,70541.34,21997.1605,2026-03-12,0.004966571049048208
1773360000000,70541.34,73913.74,70386.01,70930.0,35996.61678,2026-03-13,0.005494554272369187
1773446400000,70930.01,71307.92,70317.0,71211.95,13017.24737,2026-03-14,0.003967166199519513
1773532800000,71211.95,73199.0,70858.82,72815.24,14037.30704,2026-03-15,0.022264632539767723
1773619200000,72815.25,74909.08,72270.41,74884.67,28409.53019,2026-03-16,0.028023922724339036
1773705600000,74884.67,76000.0,73399.19,73909.36,24521.26636,2026-03-17,-0.01310971909840106
1773792000000,73909.37,74672.34,70500.0,71246.54,23392.88093,2026-03-18,-0.03669322101311266
1773878400000,71246.55,71613.79,68793.35,69930.0,22364.81819,2026-03-19,-0.018651514850332427
1773964800000,69930.01,71367.0,69388.0,70510.73,18121.16745,2026-03-20,0.008270155102978788
1774051200000,70510.73,71100.94,68571.42,68918.12,13397.1675,2026-03-21,-0.022845763534559155
1774137600000,68918.12,69588.79,67360.66,67859.0,14843.78682,2026-03-22,-0.015487110258322837
1774224000000,67859.0,71817.09,67445.18,70906.45,28335.09119,2026-03-23,0.04392937957609135
1774310400000,70906.45,71400.0,68923.07,70556.74,20702.42244,2026-03-24,-0.004944193784823292
1774396800000,70556.74,72026.09,70408.0,71336.53,17719.50066,2026-03-25,0.010991329616637294
1774483200000,71336.53,71436.82,68153.0,68820.31,20820.45768,2026-03-26,-0.03590963357008416
1774569600000,68820.31,69179.05,65548.25,66407.28,28603.69557,2026-03-27,-0.035692215836955574
1774656000000,66407.28,67288.94,65932.09,66377.03,11462.39847,2026-03-28,-0.00045562612816699334
1774742400000,66377.04,67130.5,65000.0,66010.93,10052.85584,2026-03-29,-0.005530728522709364
1774828800000,66010.93,68169.65,65800.59,66797.37,18353.38975,2026-03-30,0.011843374134185144
1774915200000,66797.38,68589.49,65998.05,68284.48,22105.40662,2026-03-31,0.02201879944892802
1775001600000,68284.49,69310.0,67578.75,68113.92,19020.1899,2026-04-01,-0.0025009104050785873
1775088000000,68113.92,68653.38,65712.12,66901.99,20203.47916,2026-04-02,-0.01795288497272631
1775174400000,66901.99,67370.42,66282.0,66964.3,11429.13131,2026-04-03,0.0009309289814481332
1775260800000,66964.29,67562.93,66775.91,67300.42,7373.51613,2026-04-04,0.005006835781815329
1775347200000,67300.42,69136.2,66611.66,69034.18,11733.46752,2026-04-05,0.025435266920256033
1775433600000,69034.18,70351.46,68300.0,68853.66,20281.61044,2026-04-06,-0.002618361461522849
1775520000000,68853.66,72761.0,67732.01,71924.22,23750.49661,2026-04-07,0.043629681945818906
1775606400000,71924.22,72857.0,70707.23,71069.93,19802.68627,2026-04-08,-0.011948742855087834
1775692800000,71069.93,73145.0,70466.0,71787.97,18158.42159,2026-04-09,0.010052591375903568
1775779200000,71787.98,73434.0,71426.15,72962.7,17372.63288,2026-04-10,0.01623143839049557
1775865600000,72962.71,73790.0,72513.09,73043.16,9070.94374,2026-04-11,0.0011021476555086477
1775952000000,73043.16,73137.24,70505.88,70740.98,13472.46801,2026-04-12,-0.0320254620862258
1776038400000,70741.56,74900.0,70566.99,74417.99,24230.21625,2026-04-13,0.050672676455567146
1776124800000,74418.0,76038.0,73795.47,74131.55,26532.94456,2026-04-14,-0.00385649602156905
1776211200000,74131.55,75425.0,73514.0,74809.99,14425.04167,2026-04-15,0.009110214548757956
1776297600000,74809.99,75534.76,73309.85,75154.29,17088.68777,2026-04-16,0.004591768185657028
1776384000000,75154.28,78333.0,74529.4,77072.0,25941.36694,2026-04-17,0.025196849489872067
1776470400000,77072.01,77420.08,75445.16,75691.76,9141.84456,2026-04-18,-0.01807074609568446
1776556800000,75691.76,76240.66,73762.9,73801.79,11369.82232,2026-04-19,-0.025286317737347935
1776643200000,73801.8,76558.62,73724.31,75840.97,16993.41034,2026-04-20,0.027255661894529427
1776729600000,75840.97,76927.57,74821.57,76336.15,14912.57132,2026-04-21,0.006507965819314458
1776816000000,76336.14,79472.82,76132.95,78178.23,19737.51225,2026-04-22,0.02384460627844536
1776902400000,78178.22,78662.5,76960.0,78257.48,16970.79501,2026-04-23,0.0010131958589200225
1776988800000,78257.48,78581.93,77264.08,77437.13,12675.14315,2026-04-24,-0.010538034574907543
1777075200000,77437.13,77885.35,77140.23,77625.0,5685.1142,2026-04-25,0.0024231589225083856
1777161600000,77625.0,78961.0,77326.51,78657.55,7963.56162,2026-04-26,0.013214079557603819
1777248000000,78657.55,79485.66,76459.64,77371.32,16046.92418,2026-04-27,-0.01648745051910991
1777334400000,77371.32,77478.0,75666.6,76342.77,13210.72383,2026-04-28,-0.013382837592731378
1777420800000,76342.78,77904.93,74937.52,75780.0,18279.93022,2026-04-29,-0.00739892610895058
1777507200000,75780.0,76669.14,75323.65,76346.57,10381.81607,2026-04-30,0.007448700376110247
1777593600000,76346.58,78914.12,76320.42,78231.13,17315.46502,2026-05-01,0.024384544212578043
1777680000000,78231.13,79199.48,78040.0,78686.85,6150.87642,2026-05-02,0.005808401067078971
1777766400000,78686.84,79447.0,78084.08,78568.57,7425.7929,2026-05-03,-0.0015043045550349114
1777852800000,78568.58,80776.99,78202.0,79861.01,26042.96135,2026-05-04,0.016316001996395605
1777939200000,79861.01,81791.48,79808.72,80905.52,16947.17995,2026-05-05,0.01299430543480134
1778025600000,80905.53,82850.0,80731.14,81447.01,18798.77396,2026-05-06,0.006670570614040161
1778112000000,81447.01,81708.32,79500.0,80006.0,16154.80338,2026-05-07,-0.01785099287490194
1778198400000,80006.0,80500.0,79181.48,80193.17,16001.31009,2026-05-08,0.002336717289686288
1778284800000,80193.18,81080.0,80129.85,80678.4,7548.42177,2026-05-09,0.006032532305335769
1778371200000,80678.41,82479.32,80279.77,82210.07,12034.31882,2026-05-10,0.01880691918505757
1778457600000,82210.07,82380.0,80462.97,81745.65,12951.76056,2026-05-11,-0.005665203289169573
1778544000000,81745.66,81788.0,79843.59,80504.47,12386.25676,2026-05-12,-0.015299886519223746
1778630400000,80504.47,81324.64,78754.65,79313.61,14810.05643,2026-05-13,-0.01490297018466756
1778716800000,79313.61,82048.13,78922.0,81089.99,19727.86807,2026-05-14,0.02214978498814916
1778803200000,81090.0,81664.45,78659.0,79113.21,17351.27079,2026-05-15,-0.024679661013995487
1778889600000,79113.2,79227.77,77640.0,78148.05,12132.86192,2026-05-16,-0.012274760081870962
1778976000000,78148.05,78599.99,76735.16,77457.67,8442.7022,2026-05-17,-0.008873510947942894
1779062400000,77457.67,77800.0,76051.0,77001.87,18745.51678,2026-05-18,-0.005901886319804632
1779148800000,77001.88,77414.62,76144.71,76834.36,11024.85978,2026-05-19,-0.002177771337791657
1779235200000,76834.36,77853.04,76516.74,77552.23,11296.26307,2026-05-20,0.009299708915349147
1779321600000,77552.24,78200.0,76719.47,77615.52,11318.25841,2026-05-21,0.0008157623412056216
1779408000000,77615.52,77900.0,75359.18,75539.5,11272.36134,2026-05-22,-0.027111708939230417
1779494400000,75539.5,77404.18,74289.6,76752.01,15086.88814,2026-05-23,0.01592387679685496
1779580800000,76752.0,77543.15,76108.0,77064.96,8398.00156,2026-05-24,0.004069127506717748
1779667200000,77064.96,77905.52,76914.25,77322.01,7672.32197,2026-05-25,0.0033299473074173843
1779753600000,77322.01,78080.0,75677.97,75930.01,16953.47629,2026-05-26,-0.01816665493821507
1779840000000,75930.01,76174.15,74243.99,74449.3,16877.77483,2026-05-27,-0.019693638122979272
1779926400000,74449.31,74590.77,72582.82,73617.51,21274.02026,2026-05-28,-0.011235451754405826
1780012800000,73617.52,74514.1,72512.49,73460.78,18686.74141,2026-05-29,-0.002131246689434228
1780099200000,73460.78,74143.76,73216.0,73884.38,7515.40909,2026-05-30,0.005749780542727423
1780185600000,73884.38,74275.66,73400.0,73674.39,6986.45707,2026-05-31,-0.0028461899181889336
1780272000000,73674.39,74092.0,70686.68,71408.9,23921.09184,2026-06-01,-0.031232737545768535
1780358400000,71408.9,71408.9,66193.0,66760.83,32858.19586,2026-06-02,-0.06730598012661611
1780444800000,66760.84,67516.0,64092.49,64142.75,30138.3065,2026-06-03,-0.04000546300379148
1780531200000,64142.75,64764.32,61383.56,63885.99,43577.17571,2026-06-04,-0.004010979788266344
1780617600000,63885.99,63978.0,59130.91,61056.47,55027.28807,2026-06-05,-0.04530091487131432
1780704000000,61056.47,61530.05,59500.0,60884.62,19795.58877,2026-06-06,-0.002818575982386037
1780790400000,60884.62,64234.68,60746.0,63332.01,26612.10443,2026-06-07,0.0394102908722764
1780876800000,63332.01,64200.0,62408.0,63085.99,23053.38624,2026-06-08,-0.003892172168200064
1780963200000,63086.0,63526.01,60780.0,61730.0,21636.21959,2026-06-09,-0.021728679963231683
1781049600000,61730.0,62857.99,60755.0,61510.99,15998.71652,2026-06-10,-0.0035541783711382628
1781136000000,61510.99,63933.02,61510.99,63625.99,17380.94642,2026-06-11,0.03380617663638071
1781222400000,63626.0,64394.44,62829.81,63580.01,16397.0524,2026-06-12,-0.0007229219062385423
1781308800000,63580.0,64762.77,63418.66,64458.01,9960.74163,2026-06-13,0.013714891287420702
1781395200000,64458.01,65800.0,63678.83,65746.45,13203.03375,2026-06-14,0.019791673152565584
1781481600000,65746.45,67292.15,65354.0,66328.74,18559.80102,2026-06-15,0.008817610222801382
1781568000000,66328.74,66992.0,65360.92,65675.01,14302.05801,2026-06-16,-0.009904799591063123
1781654400000,65675.02,66445.93,63915.77,64509.4,19048.65409,2026-06-17,-0.01790753821922
1781740800000,64509.4,64806.0,62272.07,62958.01,16935.59661,2026-06-18,-0.024342953377447053
1781827200000,62958.01,63666.0,62316.44,63543.91,14247.424,2026-06-19,0.009263166748529431
1781913600000,63543.9,64388.0,63184.21,64298.01,9522.10324,2026-06-20,0.011797519098186807
1782000000000,64298.01,64588.0,63270.0,63311.99,8034.66333,2026-06-21,-0.01545395539146637
1782086400000,63312.0,65622.83,63312.0,64020.01,15423.10851,2026-06-22,0.011120964047776254
1782172800000,64020.01,64275.38,61938.0,62734.57,20222.99292,2026-06-23,-0.02028303938282158
1782259200000,62734.57,63239.06,59102.7,61077.99,30678.28543,2026-06-24,-0.02676107921319018
1782345600000,61078.0,61962.4,58115.01,59794.0,30386.00694,2026-06-25,-0.021246250672292098
1782432000000,59794.64,60759.99,58337.0,60097.27,27403.55723,2026-06-26,0.005059094742014055
1782518400000,60097.27,60941.17,59855.16,60029.0,9587.22916,2026-06-27,-0.0011366374290999936
1782604800000,60029.01,60545.01,59753.48,60071.34,4202.78974,2026-06-28,0.0007050771339039398
